episode,reward
1,-0.09999999999999999
2,5.900000000000002
3,-0.09999999999999999
4,19.899999999999984
5,-0.09999999999999999
6,17.899999999999984
7,-0.09999999999999999
8,-0.09999999999999999
9,-0.09999999999999999
10,-0.09999999999999999
